id,name,road,startLat,startLng,endLat,endLng,lengthM,widthM,heightM,lanes,diff
t1,광치터널,일반국도31호선,38.14672,128.093106,38.144841,128.086935,570,8,6.1,2,4
t2,문재터널,일반국도42호선,37.424504,128.25351,37.426547,128.260232,620,7,6.1,2,4
t3,추곡터널,일반국도46호선,38.029519,127.84779,38.03435,127.855799,860,8,6.1,2,5
t4,양구터널,일반국도46호선,38.067707,128.048869,38.065682,128.048319,237,8.6,6.1,2,2
t5,느랏재터널,일반국도56호선,37.892865,127.820558,37.886867,127.819003,660,11.3,6.1,2,4
t6,가락재터널,일반국도56호선,37.844285,127.869846,37.841961,127.876173,590,11.3,6.1,2,4
t7,솔치재터널,일반국도56호선,37.728985,128.120685,37.727013,128.126488,540,9.2,6.7,2,3
t8,말고개터널,일반국도5호선,38.007133,127.632387,38.012999,127.632221,637,9.1,6.8,2,3
t9,화천터널,일반국도5호선,38.104279,127.699442,38.105599,127.692585,620,9,6.8,2,3
t10,수인터널,일반국도46호선,38.024647,127.890393,38.032876,127.922151,2925,10.3,7.4,2,4
t11,웅진터널,일반국도46호선,38.034603,127.928685,38.038462,127.941925,1225,9.3,7.4,2,3
t12,웅진1터널,일반국도46호선,38.039191,127.9429,38.042339,127.944882,385,10.3,7.4,2,1
t13,웅진2터널,일반국도46호선,38.051934,127.948201,38.053529,127.954841,590,10,7.4,2,2
t14,공리터널,일반국도46호선,38.053991,127.956978,38.057421,127.97454,1650,10.3,7.4,2,4
t15,배후령터널,일반국도46호선,37.971035,127.782361,38.013502,127.800616,5057,11,8.9,2,4
t16,전재터널,일반국도42호선,37.420143,128.120014,37.416287,128.128307,860,13,7.4,3,2
t17,안흥터널,일반국도42호선,37.408471,128.139817,37.407531,128.143869,375,9.3,6.8,2,2
t18,황강터널,일반국도31호선,38.095501,128.01896,38.093479,128.016855,285,9.3,6.7,2,2
t19,오미재터널,일반국도31호선,37.87817,128.259665,37.884716,128.264653,870,9,6.6,2,5
t20,의암터널(신),일반국도46호선,37.824379,127.684863,37.823389,127.687872,306.6,8.5,6.8,2,2
t21,며느리고개터널(상),일반국도44호선,37.63843,127.795682,37.640407,127.801708,542,8.6,6.6,2,4
t22,횡성터널(상),일반국도5호선,37.492797,127.965378,37.497283,127.96329,544,8.6,6.7,2,3
t23,삼마치터널(상),일반국도5호선,37.594523,127.900121,37.601723,127.900004,780,8.6,6.7,2,4
t24,인제터널(상),일반국도44호선,38.044589,128.158626,38.052411,128.161053,922,8.6,6.6,2,5
t25,장전터널(상),일반국도5호선,37.667341,127.87859,37.671783,127.8758,546,8.6,6.7,2,3
t26,철정터널(상),일반국도44호선,37.793186,127.986306,37.796047,127.987451,326,8.8,6.7,2,2
t27,흥업터널(상),일반국도42호선,37.296571,127.903754,37.298157,127.902611,201,8.8,6.7,2,2
t28,운계터널(상),일반국도19호선,37.209727,127.892995,37.213926,127.892278,494,9,6.8,2,3
t29,매지터널(상),일반국도19호선,37.237092,127.898025,37.242812,127.899395,690,9,6.7,2,4
t30,봉산터널(상),일반국도5호선,37.363153,127.994426,37.370736,127.993748,870,9,7,2,4
t31,의암터널(구),일반국도46호선,37.82361,127.68807,37.82454,127.685066,290,8.5,6.8,2,2
t32,며느리고개터널(하),일반국도44호선,37.640554,127.80125,37.638762,127.795753,493,8.6,6.6,2,3
t33,횡성터널(하),일반국도5호선,37.497327,127.962861,37.492515,127.965134,540,8.6,6.7,2,3
t34,삼마치터널(하),일반국도5호선,37.601752,127.899642,37.594544,127.899736,780,8.6,6.7,2,4
t35,인제터널(하),일반국도44호선,38.052644,128.160772,38.044206,128.158136,977,8.6,6.6,2,5
t36,장전터널(하),일반국도5호선,37.671639,127.875518,37.668251,127.877657,414,8.6,6.7,2,3
t37,철정터널(하),일반국도44호선,37.79615,127.987041,37.793213,127.985796,338,8.8,6.7,2,2
t38,흥업터널(하),일반국도42호선,37.297793,127.902451,37.296681,127.903239,156,8.8,6.7,2,1
t39,운계터널(하),일반국도19호선,37.213925,127.891963,37.209838,127.892636,475,9,6.8,2,3
t40,매지터널(하),일반국도19호선,37.242911,127.899112,37.23715,127.897753,661,9,6.7,2,4
t41,봉산터널(하),일반국도5호선,37.370745,127.993409,37.363079,127.994081,870,9,7,2,4
t42,반곡지하차도,일반국도5호선,37.319972,127.992312,37.320093,127.992711,40,22.8,5,4,1
t43,행구지하차도,일반국도5호선,37.342694,127.99735,37.345459,127.996382,50,20.5,5,4,1
t44,문혜지하차도,일반국도43호선,38.199114,127.339133,38.199835,127.33908,90,22.2,5,4,1
t45,태기산터널,일반국도6호선,37.5822,128.272208,37.589627,128.302207,2800,11.5,7.1,2,5
t46,동해2터널,일반국도7호선,37.641435,129.016509,37.645517,129.016415,449,9.9,6.8,2,2
t47,동해1터널,일반국도7호선,37.690138,128.99647,37.694045,128.992857,522,9.9,6.6,2,4
t48,안호터널,일반국도7호선,38.585632,128.368097,38.587552,128.36836,140,10.5,6.5,2,2
t49,금강터널,일반국도7호선,38.588883,128.36887,38.589394,128.369155,80,10.5,6.2,2,1
t50,남설악터널,일반국도44호선,38.063728,128.546967,38.060551,128.555257,783,9.5,7,2,4
t51,마평1터널,일반국도59호선,37.582619,128.554799,37.584804,128.55408,235,8.6,7,2,1
t52,마평2터널,일반국도59호선,37.585503,128.553896,37.591271,128.554197,640,8.6,7,2,3
t53,현내터널(상),일반국도7호선,38.524651,128.410601,38.530003,128.406546,690,8.6,6.7,2,4
t54,한치터널(상),일반국도7호선,37.413884,129.197455,37.417857,129.193184,565,8.6,6.8,2,3
t55,월천터널(하),일반국도7호선,37.147542,129.356483,37.145758,129.356395,205.5,9,6.8,2,1
t56,장호터널(상),일반국도7호선,37.266783,129.319639,37.272064,129.312153,915,8.6,6.8,2,4
t57,한계터널(상),일반국도46호선,38.155082,128.257432,38.166111,128.26141,1298,10.3,8,2,3
t58,용대터널(상),일반국도46호선,38.167106,128.262246,38.172483,128.269682,927,8.6,6.7,2,5
t59,한치터널(하),일반국도7호선,37.417777,129.192922,37.413621,129.19721,570,8.6,6.8,2,3
t60,월천터널(상),일반국도7호선,37.146149,129.356766,37.147373,129.356826,145,8.6,6.8,2,1
t61,장호터널(하),일반국도7호선,37.271903,129.31185,37.266593,129.319425,915,8.6,6.8,2,4
t62,한계터널(하),일반국도46호선,38.166048,128.26093,38.155014,128.257026,1272,10.3,8,2,3
t63,용대터널(하),일반국도46호선,38.172644,128.269371,38.167337,128.261927,950,8.6,6.7,2,5
t64,현내터널(하),일반국도7호선,38.529571,128.406517,38.524898,128.410067,610,8.6,6.7,2,4
t65,막동터널,일반국도59호선,37.512054,128.563054,37.515004,128.562929,247,10.8,7.2,2,1
t66,장평1터널,일반국도6호선,37.590368,128.40492,37.59368,128.412404,710,11.5,6.9,2,4
t67,장평2터널,일반국도6호선,37.594726,128.415082,37.596633,128.420827,538,11.5,6.9,2,3
t68,속사터널,일반국도6호선,37.639648,128.507461,37.641996,128.530972,2101,11.5,7.1,2,5
t69,왕산터널,일반국도35호선,37.687739,128.824295,37.695752,128.829253,990,11,7.3,2,4
t70,수항터널,일반국도59호선,37.538129,128.564277,37.542249,128.567107,496,10.8,7.8,2,1
t71,멧둔재터널(상),일반국도42호선,37.344683,128.454349,37.340691,128.46032,640,6.5,6.1,2,4
t72,비행기재터널(상),일반국도42호선,37.345592,128.562352,37.348435,128.567128,520,7,6.1,2,4
t73,두문동재터널,일반국도38호선,37.207031,128.906069,37.202431,128.920758,1368,8.8,6.7,2,5
t74,쇄재터널,일반국도59호선,37.333113,128.71355,37.339187,128.712469,650,6.5,6,2,4
t75,녹전터널,일반국도31호선,37.1439,128.67654,37.145672,128.675797,200,9.5,7,2,1
t76,이목터널,일반국도31호선,37.148715,128.674561,37.149547,128.674191,95,9.5,7,2,1
t77,수라리터널,일반국도31호선,37.17152,128.643344,37.176367,128.63461,945,9.5,6.9,2,4
t78,도계1터널,일반국도38호선,37.217424,129.03876,37.233118,129.038357,1766,10,7,2,5
t79,도계2터널,일반국도38호선,37.233711,129.038582,37.242252,129.044198,1077,10,7,2,5
t80,까칠재 터널,일반국도59호선,37.369422,128.691811,37.368965,128.687717,377,9.5,7.1,2,2
t81,각한터널(상),일반국도38호선,37.186593,128.416666,37.185079,128.427206,953,8.5,6.8,2,5
t82,방절터널(상),일반국도38호선,37.184416,128.432092,37.18416,128.43466,200,8.7,6.8,2,1
t83,영월1터널(상),일반국도38호선,37.191325,128.454431,37.192676,128.459409,460.5,8.6,6.8,2,3
t84,영월2터널(상),일반국도38호선,37.193268,128.461597,37.194186,128.472646,948,9,6.8,2,5
t85,봉래터널(상),일반국도38호선,37.192799,128.475812,37.188413,128.485079,908,8.6,6.8,2,4
t86,사북1터널(상),일반국도38호선,37.22785,128.823494,37.227214,128.825608,179,8.6,6.7,2,1
t87,사북2터널(상),일반국도38호선,37.226772,128.826814,37.220534,128.832555,859,8.6,6.7,2,5
t88,고한터널(상),일반국도38호선,37.199266,128.859549,37.196304,128.864282,505,8.6,6.7,2,3
t89,석항2터널(상),일반국도38호선,37.194997,128.593747,37.195268,128.597349,325,9,6.7,2,2
t90,석항1터널(상),일반국도38호선,37.193731,128.577611,37.194649,128.589247,990,9,6.7,2,5
t91,반송터널(상),일반국도38호선,37.186613,128.542407,37.18739,128.545317,265,9,6.7,2,2
t92,증산터널(상),일반국도38호선,37.235133,128.783336,37.232047,128.787815,503,8.8,6.7,2,3
t93,고사1터널(상),일반국도38호선,37.272343,129.067067,37.277214,129.069788,585,9,6.7,2,4
t94,고사2터널(상),일반국도38호선,37.278938,129.070105,37.284572,129.068873,625,9,6.7,2,4
t95,발이터널(상),일반국도38호선,37.287107,129.067635,37.290049,129.066593,340,9,6.7,2,2
t96,마차1터널(상),일반국도38호선,37.296805,129.068024,37.300363,129.069884,436,9,6,2,3
t97,대평터널(상),일반국도38호선,37.335869,129.085516,37.337311,129.087006,216,9,6.7,2,2
t98,상정터널(상),일반국도38호선,37.377044,129.101196,37.381762,129.101892,495,9,6.7,2,3
t99,상정터널(하),일반국도38호선,37.381799,129.10156,37.376449,129.100722,510,9,6.7,2,3
t100,신기터널(상),일반국도38호선,37.342896,129.09032,37.348336,129.09013,590,9,6.7,2,4
t101,천기1터널(상),일반국도38호선,37.3509,129.090838,37.370115,129.099002,2235,9,6.9,2,5
t102,천기1터널(하),일반국도38호선,37.370147,129.098619,37.350893,129.090452,2235,9,6.9,2,5
t103,천기2터널(상),일반국도38호선,37.375069,129.100842,37.376438,129.1011,165,9,6.7,2,1
t104,각한터널(하),일반국도38호선,37.185349,128.427256,37.186844,128.416767,915,8.6,6.8,2,4
t105,방절터널(하),일반국도38호선,37.184425,128.434536,37.184682,128.432125,205,8.7,6.8,2,1
t106,영월1터널(하),일반국도38호선,37.192674,128.458297,37.191519,128.454029,350,8.6,6.8,2,2
t107,영월2터널(하),일반국도38호선,37.194468,128.472781,37.193629,128.461928,955,8.6,6.8,2,5
t108,봉래터널(하),일반국도38호선,37.188522,128.485534,37.193045,128.475957,953,8.6,6.8,2,5
t109,두문동재2터널,일반국도38호선,37.207484,128.900316,37.207445,128.928339,2470,8.6,6.7,2,5
t110,사북1터널(하),일반국도38호선,37.227541,128.825745,37.228424,128.822792,258,8.6,6.7,2,2
t111,사북2터널(하),일반국도38호선,37.220595,128.832996,37.227094,128.827114,865,8.6,6.7,2,5
t112,고한터널(하),일반국도38호선,37.196374,128.864872,37.199629,128.859682,570,8.6,6.7,2,3
t113,석항2터널(하),일반국도38호선,37.195667,128.598317,37.195266,128.593505,404,9,6.7,2,3
t114,석항1터널(하),일반국도38호선,37.194917,128.589247,37.194003,128.577619,980,9,6.7,2,5
t115,반송터널(하),일반국도38호선,37.187659,128.545086,37.186953,128.542411,220,8.8,6.7,2,2
t116,증산터널(하),일반국도38호선,37.232441,128.787729,37.235332,128.78356,484.7,8.8,6.7,2,3
t117,멧둔재터널(하),일반국도42호선,37.340189,128.463391,37.346383,128.451873,1265,9,7.3,2,4
t118,비행기재터널(하),일반국도42호선,37.35045,128.567142,37.344881,128.560456,861,8.8,6.7,2,5
t119,고사1터널(하),일반국도38호선,37.277453,129.06949,37.272857,129.06703,550,9,6.7,2,3
t120,고사2터널(하),일반국도38호선,37.284522,129.068533,37.27925,129.06977,590,9,6.7,2,4
t121,발이터널(하),일반국도38호선,37.29057,129.066151,37.286864,129.067363,410,9,6.7,2,3
t122,마차1터널(하),일반국도38호선,37.300392,129.069859,37.296722,129.067988,435,8.8,6,2,3
t123,대평터널(하),일반국도38호선,37.337324,129.086995,37.335869,129.085511,216,9,6.7,2,2
t124,신기터널(하),일반국도38호선,37.3474,129.089824,37.343357,129.089997,440,9,6.7,2,3
t125,천기2터널(하),일반국도38호선,37.376368,129.100754,37.37499,129.100439,150,9,6.7,2,1
t126,장전터널,일반국도59호선,37.49063,128.578151,37.495226,128.570932,820,11.5,7.5,2,3
t127,연덕터널,일반국도31호선,37.275587,128.416633,37.280836,128.414637,610,9.5,6.9,2,3
t128,원동터널,일반국도31호선,37.292479,128.396442,37.297647,128.393129,640,9,6.9,2,3
t129,응암터널,일반국도31호선,37.325376,128.375844,37.327856,128.37618,257,9.5,6.7,2,2
t130,아우라지터널,일반국도42호선,37.469076,128.729178,37.469427,128.734471,380,9.5,6.6,2,3
t131,솔치재터널,일반국도42호선,37.369027,128.620828,37.375394,128.623824,770,11.5,7.5,2,3
t132,정선터널,일반국도42호선,37.387669,128.645008,37.390611,128.664925,1874,11.5,7.3,2,5
t133,뱃재터널(상),일반국도31호선,37.411495,128.418076,37.426815,128.422195,1740,9,6.9,2,5
t134,뱃재터널(하),일반국도31호선,37.426583,128.421809,37.411716,128.417823,1692,9,6.9,2,5
t135,여량터널,일반국도42호선,37.469493,128.710315,37.470363,128.71509,415.5,10.5,6.6,2,3
t136,덕우터널,일반국도59호선,37.35557,128.714667,37.35732,128.713259,225,9.5,6.9,2,1
t137,덕상터널,국가지원지방도88호선,37.245119,128.373561,37.245301,128.37149,165,9,4.5,2,2
t138,배일치터널,국가지원지방도88호선,37.223452,128.390994,37.230699,128.386319,830,9,4.5,2,5
t139,솔치터널,국가지원지방도88호선,37.265514,128.224409,37.265746,128.206908,1554,10.3,4.8,2,5
t140,신림터널,국가지원지방도88호선,37.252344,128.118753,37.251258,128.111425,620,9,4.5,2,5
t141,영동2터널,지방도408호선,37.573721,128.388613,37.57222,128.382549,625,9.3,4.2,2,5
t142,오룡터널,지방도444호선,37.687645,127.915507,37.691396,127.915338,400,9.6,4.8,2,3
t143,보래령터널,지방도424호선,37.683447,128.39269,37.701044,128.399733,2050,9,4.8,2,5
t144,고일재터널,지방도411호선,37.345498,128.189157,37.346113,128.18222,640,9,4.8,2,5
t145,소주터널,지방도403호선,37.759752,127.625418,37.765278,127.630634,750,8.5,4.8,2,5
t146,덕만이터널(상),국가지원지방도70호선,37.769959,127.713186,37.762124,127.712209,880,10.1,6.7,2,5
t147,덕만이터널(하),국가지원지방도70호선,37.76221,127.712587,37.770143,127.713529,867,10.1,6.7,2,5
t148,밤재터널,지방도415호선,37.307101,128.47969,37.300174,128.483908,890,12.7,8.3,2,3
t149,강촌터널,지방도403호선,37.815403,127.635484,37.814293,127.635906,134,17.6,9,4,1
t150,백양치터널,지방도494호선,37.605776,127.693355,37.600821,127.702391,959,12.6,7.5,2,3
t151,잣방산터널,국가지원지방도70호선,37.702965,127.687107,37.702863,127.682612,405,9,6.8,2,2
t152,지르매재터널,지방도451호선,37.809399,128.011716,37.808227,128.021146,860,6.5,4.8,2,5
t153,대곡치터널,국가지원지방도70호선,37.652135,127.652668,37.660812,127.654994,995,9,4.8,2,5
t154,조침령터널,지방도418호선,37.99721,128.509594,37.995527,128.496699,1145,10.2,7.1,2,4
t155,문의재터널,지방도427호선,37.217305,129.157094,37.208818,129.145747,1371,10.5,4.5,2,5
t156,건의령터널,지방도424호선,37.264289,129.006729,37.262433,129.002611,395,9.7,6.7,2,3
t157,구사터널,지방도427호선,37.181433,129.076282,37.183375,129.086342,910,10,7,2,4
t158,청령포터널,국가지원지방도88호선,37.175819,128.454105,37.178679,128.450278,473,18.7,4.8,4,2
t159,들입재터널,지방도424호선,37.345675,129.183617,37.34927,129.195217,1143,9,4.8,2,5
t160,와석재터널,국가지원지방도88호선,37.125294,128.591927,37.129413,128.584778,781,10.5,7,2,4
t161,노나무재터널,국가지원지방도28호선,37.253934,128.863535,37.248432,128.865101,600,9,4.5,2,4
t162,팔괴터널(상),국가지원지방도88호선,37.152187,128.489285,37.160379,128.477319,1390,10.3,7,2,5
t163,팔괴터널(하),국가지원지방도88호선,37.160177,128.47708,37.151973,128.489029,1390,10.3,7,2,5
t164,신술터널,국가지원지방도56호선,38.16721,127.450741,38.168033,127.443948,610,10.3,4.8,2,4
t165,부다리터널,지방도407호선,38.013314,127.723937,38.031571,127.719343,2067,10.5,4.8,2,5
t166,대붕터널,지방도460호선,38.207616,127.845185,38.205518,127.845705,245.5,9.9,4.8,2,2
t167,오천터널,지방도460호선,38.212059,127.900904,38.215501,127.886616,1296,9.3,4.5,2,5
t168,재안터널,지방도460호선,38.202921,127.844417,38.20246,127.842162,134.6,9.9,4.8,2,2
t169,평화터널,지방도460호선,38.212353,127.8504,38.212453,127.848423,167.5,9.9,4.8,2,2
t170,해산터널,지방도460호선,38.189102,127.798622,38.187493,127.775993,1986,9.3,4.5,2,5
t171,하오터널,지방도463호선,38.118382,127.476118,38.132544,127.472838,1532,9.9,4.8,2,5
t172,돌산령터널,지방도453호선,38.235832,128.084077,38.257688,128.104392,2995,10,4.8,2,5
t173,양화터널,지방도460호선,38.213395,127.856104,38.212557,127.852412,328.2,9.9,4.8,2,3
t174,신매터널(상행),국가지원지방도70호선,37.92332,127.70423,37.921943,127.707481,354,10,6.7,2,2
t175,신매터널(하행),국가지원지방도70호선,37.922161,127.707477,37.923533,127.704366,336,10,6.7,2,2
t176,두타연터널,지방도460호선,38.227224,127.981433,38.227236,127.977836,389,10,7.1,2,2
t177,숙고개터널,지방도461호선,38.16664,127.629563,38.165242,127.631514,275,13,4,2,3
t178,새밑터널,지방도403호선,37.971197,127.733719,37.990225,127.73179,2110,11,8.7,2,4
t179,월명터널,지방도403호선,38.115061,127.93384,38.121845,127.939332,940,10.6,7.3,2,4
t180,학령터널,지방도460호선,38.195401,128.004104,38.203839,128.003632,845,12.3,7.3,2,3
t181,미시령터널(상),국가지원지방도56호선,38.214863,128.454894,38.21897,128.413442,3565,9.8,7.4,2,5
t182,미시령터널(하),국가지원지방도56호선,38.218255,128.414681,38.214611,128.45461,3520,9.8,7.4,2,5
t183,종자터널,시도,37.75135,127.75709,37.749086,127.764522,716,10.5,7,3,3
t184,단계지하차도,시도,37.343082,127.933155,37.345096,127.933688,470,15.9,6.4,4,2
t185,봉화산터널(대명방향),일반국도42호선,37.341952,127.913553,37.344386,127.912251,316,14.9,4.8,3,2
t186,봉화산터널(시청방향),시도,37.344146,127.911853,37.340689,127.913831,435,14.9,4.8,3,2
t187,입암지하차도,시도,37.756035,128.907518,37.757818,128.909811,44,9,4.7,2,2
t188,동점터널,시도,37.092498,129.041131,37.09185,129.041783,89.5,8.6,5,2,2
t189,장성터널,시도,37.098222,129.01541,37.098222,129.01541,450,9,6.2,2,3
t190,절골지하차도,시도,37.175708,128.980357,37.17667,128.980743,132,20,4.9,2,2
t191,태백터널,일반국도31호선,37.093693,129.029099,37.088042,129.028206,646,10,4.8,2,5
t192,삼수령터널,일반국도35호선,37.22485,128.989365,37.221412,128.988125,406,10.4,7,2,2
t193,목우재터널,시도,38.177126,128.529172,38.171615,128.529056,610,10,7.1,2,3
t194,교동지하차도,시도,38.204307,128.566819,38.204765,128.566287,70,17.5,6.5,4,1
t195,잿골터널,군도,37.69754,127.876012,37.700975,127.873161,416,10,6,2,3
t196,영동제1터널,군도,37.539601,128.29736,37.540924,128.299216,225,9,4,2,3
t197,용석터널,군도,37.235107,128.288826,37.236923,128.289144,205,7,4,1,3
t198,동강터널,군도,37.190474,128.501269,37.183779,128.499566,763,8,7,2,4
t199,문산터널,군도,37.256541,128.504535,37.260348,128.506846,455,7,7,2,2
t200,모릿재터널,군도,37.575776,128.499497,37.578178,128.503332,400,8,5,2,3
t201,덧개수터널,군도,37.505242,128.419777,37.505487,128.427477,650,9,5,2,5
t202,기화터널,군도,37.315125,128.52082,37.315336,128.521432,50,9.4,4.8,2,2
t203,병두터널,군도,37.65117,128.611413,37.652806,128.617579,575,10.5,7.6,2,2
t204,유천터널,군도,37.651174,128.611453,37.652807,128.617562,369,8,7.6,2,1
t205,용산터널,군도,37.651173,128.611498,37.652784,128.617578,439,10.4,7.6,2,1
t206,칼산터널(상행),이도,37.669876,128.677566,37.670099,128.675197,210,9.4,6.5,2,2
t207,칼산터널(하행),이도,37.669624,128.67751,37.669875,128.674773,210,9.4,6.5,2,2
t208,사문터널,군도,37.236516,128.820029,37.238949,128.819445,314,8.5,4.8,2,3
t209,(구)용화터널,군도,38.138744,127.327598,38.139773,127.326873,82,5,5,1,2
t210,산수화터널,군도,38.124657,127.724521,38.130117,127.732015,890,9.9,7.1,2,4
t211,상용터널,군도,38.105382,128.010721,38.105382,128.010721,720,10.1,4.8,2,5
t212,도고터널,지방도460호선,38.197221,128.004532,38.20277,128.004031,600,9.3,4.5,2,4
t213,말고개터널,군도,38.179806,128.262298,38.183239,128.255245,724,9.5,6.7,2,4
t214,양양읍성터널,군도,38.076442,128.617161,38.076662,128.617061,74.9,25.8,7.6,4,1
t215,둔내터널(강릉),영동고속국도,37.543501,128.306617,37.543501,128.306617,3300,10.7,6.8,2,5
t216,둔내터널(인천),영동고속국도,37.543501,128.306617,37.543501,128.306617,3300,10.7,6.8,2,5
t217,봉평터널(인천),영동고속국도,37.567336,128.386471,37.567336,128.386471,1420,10,6.8,2,5
t218,봉평터널(강릉),영동고속국도,37.567336,128.386471,37.567336,128.386471,1445,10,6.8,2,5
t219,진부1터널(강릉),영동고속국도,37.643857,128.520418,37.643857,128.520418,2075,12.4,6.8,2,5
t220,진부1터널(인천),영동고속국도,37.643857,128.520418,37.643857,128.520418,2095,10.7,6.8,2,5
t221,진부2터널(강릉),영동고속국도,37.645291,128.531602,37.645291,128.531602,203,12.4,6.8,2,1
t222,진부2터널(인천),영동고속국도,37.645291,128.531602,37.645291,128.531602,185,10.7,6.8,2,1
t223,진부3터널(인천),영동고속국도,37.646733,128.542784,37.646733,128.542784,604,10.7,6.8,2,3
t224,진부3터널(강릉),영동고속국도,37.646733,128.542784,37.646733,128.542784,599,12.4,6.8,2,3
t225,대관령1터널(강릉),영동고속국도,37.664826,128.737864,37.664826,128.737864,1830,12.2,9.2,2,4
t226,대관령1터널(인천),영동고속국도,37.664826,128.737864,37.664826,128.737864,1800,14.8,9.4,3,3
t227,대관령4터널(인천),영동고속국도,37.673472,128.774805,37.673472,128.774805,705,14.7,8.4,3,1
t228,대관령4터널(강릉),영동고속국도,37.673472,128.774805,37.673472,128.774805,668,12.1,7.4,2,2
t229,대관령5터널(인천),영동고속국도,37.682474,128.774427,37.682474,128.774427,1209,14.3,8.4,3,2
t230,대관령5터널(강릉),영동고속국도,37.682474,128.774427,37.682474,128.774427,1179,10.6,7.4,2,3
t231,대관령6터널(인천),영동고속국도,37.699703,128.769158,37.699703,128.769158,234,13.8,9.4,3,1
t232,대관령6터널(강릉),영동고속국도,37.699703,128.769158,37.699703,128.769158,202,11.7,8.4,2,1
t233,대관령7터널(강릉),영동고속국도,37.707507,128.774419,37.707507,128.774419,120,11.7,9.4,2,1
t234,대관령7터널(인천),영동고속국도,37.707507,128.774419,37.707507,128.774419,120,13.8,10.4,3,1
t235,만종터널(부산),중앙고속국도,37.340987,127.912591,37.340987,127.912591,434,10.1,6.7,2,3
t236,만종터널(춘천),중앙고속국도,37.340987,127.912591,37.340987,127.912591,423,10.1,6.7,2,3
t237,횡성터널(부산),중앙고속국도,37.514246,127.984922,37.514246,127.984922,367,10,6.7,2,2
t238,횡성터널(춘천),중앙고속국도,37.514246,127.984922,37.514246,127.984922,405,10,6.7,2,3
t239,공근터널(부산),중앙고속국도,37.547548,127.977487,37.547548,127.977487,670,10,6.7,2,4
t240,공근터널(춘천),중앙고속국도,37.547548,127.977487,37.547548,127.977487,635,10,6.7,2,4
t241,삼마치터널(부산),중앙고속국도,37.618937,127.947315,37.618937,127.947315,1429,10.7,6.7,2,5
t242,삼마치터널(춘천),중앙고속국도,37.618937,127.947315,37.618937,127.947315,1436,10.7,6.7,2,5
t243,남산터널(부산),중앙고속국도,37.659856,127.890875,37.659856,127.890875,797,10.8,6.7,2,4
t244,남산터널(춘천),중앙고속국도,37.659856,127.890875,37.659856,127.890875,840,10.8,6.7,2,4
t245,굴지터널(부산),중앙고속국도,37.717869,127.804326,37.717869,127.804326,648,10,6.7,2,4
t246,굴지터널(춘천),중앙고속국도,37.717869,127.804326,37.717869,127.804326,710,10,6.7,2,4
t247,원무1터널(부산),중앙고속국도,37.770815,127.781086,37.770815,127.781086,498,10,6.7,2,3
t248,원무1터널(춘천),중앙고속국도,37.770815,127.781086,37.770815,127.781086,497,10,6.7,2,3
t249,원무2터널(부산),중앙고속국도,37.775875,127.771771,37.775875,127.771771,808,10,6.7,2,4
t250,원무2터널(춘천),중앙고속국도,37.775875,127.771771,37.775875,127.771771,815,10,6.7,2,4
t251,원창터널(부산),중앙고속국도,37.793254,127.770399,37.793254,127.770399,274,10,6.7,2,2
t252,원창터널(춘천),중앙고속국도,37.793254,127.770399,37.793254,127.770399,224,10,6.7,2,2
t253,동산1터널(양양),서울양양고속국도,37.756914,127.819382,37.756914,127.819382,683,11.6,7.3,2,3
t254,동산1터널(서울),서울양양고속국도,37.756914,127.819382,37.756914,127.819382,708,11.6,7.3,2,3
t255,동산2터널(서울),서울양양고속국도,37.759157,127.841903,37.759157,127.841903,1235.8,12.3,7.3,2,4
t256,동산2터널(양양),서울양양고속국도,37.759157,127.841903,37.759157,127.841903,1133.1,12.3,7.3,2,4
t257,북방1터널(양양),서울양양고속국도,37.759865,127.864577,37.759865,127.864577,2298,12.3,7.3,2,5
t258,북방1터널(서울),서울양양고속국도,37.759865,127.864577,37.759865,127.864577,2285,12.3,7.3,2,5
t259,북방2터널(양양),서울양양고속국도,37.75159,127.89649,37.75159,127.89649,326,11.6,7.3,2,1
t260,북방2터널(서울),서울양양고속국도,37.75159,127.89649,37.75159,127.89649,330,11.6,7.3,2,1
t261,북방3터널(양양),서울양양고속국도,37.750068,127.907647,37.750068,127.907647,1518,12.3,7.3,2,4
t262,북방3터널(서울),서울양양고속국도,37.750068,127.907647,37.750068,127.907647,1515,12.3,7.3,2,4
t263,화촌1터널(양양),서울양양고속국도,37.746925,127.929761,37.746925,127.929761,721,11.6,7.3,2,3
t264,화촌1터널(서울),서울양양고속국도,37.746925,127.929761,37.746925,127.929761,691,11.6,7.3,2,3
t265,화촌2터널(양양),서울양양고속국도,37.750852,127.939896,37.750852,127.939896,377.6,11.6,7.3,2,1
t266,화촌2터널(서울),서울양양고속국도,37.750852,127.939896,37.750852,127.939896,359,11.6,7.3,2,1
t267,화촌3터널(양양),서울양양고속국도,37.759536,127.982671,37.759536,127.982671,527,11.5,7.3,2,2
t268,화촌3터널(서울),서울양양고속국도,37.759536,127.982671,37.759536,127.982671,407,11.5,7.3,2,1
t269,화촌5터널(서울),서울양양고속국도,37.757651,128.015458,37.757651,128.015458,125,11.5,7.1,2,1
t270,화촌5터널(양양),서울양양고속국도,37.757651,128.015458,37.757651,128.015458,125,11.5,7.1,2,1
t271,화촌6터널(양양),서울양양고속국도,37.757201,128.026789,37.757201,128.026789,629.2,11.4,7.3,2,3
t272,화촌6터널(서울),서울양양고속국도,37.757201,128.026789,37.757201,128.026789,599.2,11.4,7.3,2,2
t273,화촌8터널(양양),서울양양고속국도,37.754828,128.060299,37.754828,128.060299,978,12.5,7.3,2,4
t274,화촌8터널(서울),서울양양고속국도,37.754828,128.060299,37.754828,128.060299,963,12.5,7.3,2,4
t275,화촌9터널(서울),서울양양고속국도,37.770723,128.087508,37.770723,128.087508,3690,12.5,7.3,2,5
t276,화촌9터널(양양),서울양양고속국도,37.770723,128.087508,37.770723,128.087508,3705,12.5,7.3,2,5
t277,내촌1터널(양양),서울양양고속국도,37.782473,128.104716,37.782473,128.104716,1248,12.6,7.3,2,4
t278,내촌1터널(서울),서울양양고속국도,37.782473,128.104716,37.782473,128.104716,1267,12.6,7.3,2,4
t279,내촌2터널(서울),서울양양고속국도,37.788199,128.125737,37.788199,128.125737,100,11.2,8.5,2,1
t280,내촌2터널(양양),서울양양고속국도,37.788199,128.125737,37.788199,128.125737,100,11.2,8.5,2,1
t281,근덕터널(삼척),동해고속국도,37.408791,129.191957,37.408791,129.191957,2558,12.7,7.2,2,5
t282,근덕터널(속초),동해고속국도,37.408791,129.191957,37.408791,129.191957,2473,12.7,7.2,2,5
t283,적노터널(속초),동해고속국도,37.416511,129.171916,37.416511,129.171916,542,10.7,7.3,2,2
t284,적노터널(삼척),동해고속국도,37.416511,129.171916,37.416511,129.171916,487,10.7,7.3,2,2
t285,사직터널(삼척),동해고속국도,37.422728,129.163857,37.422728,129.163857,302,10.7,7.3,2,1
t286,사직터널(속초),동해고속국도,37.422728,129.163857,37.422728,129.163857,237,10.7,7.3,2,1
t287,남양터널(속초),동해고속국도,37.429813,129.156877,37.429813,129.156877,327,10.7,7.3,2,1
t288,남양터널(삼척),동해고속국도,37.429813,129.156877,37.429813,129.156877,380,10.7,7.3,2,1
t289,지가터널(삼척),동해고속국도,37.469753,129.099225,37.469753,129.099225,490,11.6,7.3,2,2
t290,지가터널(속초),동해고속국도,37.469753,129.099225,37.469753,129.099225,508,11.6,7.3,2,2
t291,귀운터널(삼척),동해고속국도,37.477641,129.09378,37.477641,129.09378,290,11.6,7.3,2,1
t292,귀운터널(속초),동해고속국도,37.477641,129.09378,37.477641,129.09378,305,11.6,7.3,2,1
t293,동해터널(삼척),동해고속국도,37.530766,129.095547,37.530766,129.095547,300,12.6,5.5,2,3
t294,동해터널(속초),동해고속국도,37.530766,129.095547,37.530766,129.095547,300,12.6,5.5,2,3
t295,강릉1터널(삼척),동해고속국도,37.641117,129.015811,37.641117,129.015811,535,11.2,7.3,2,2
t296,강릉1터널(속초),동해고속국도,37.641117,129.015811,37.641117,129.015811,450,13.8,8.3,3,1
t297,강릉2터널(삼척),동해고속국도,37.675634,129.005689,37.675634,129.005689,210,11.8,7.5,2,1
t298,강릉2터널(속초),동해고속국도,37.675634,129.005689,37.675634,129.005689,210,11.8,7.5,2,1
t299,강릉3터널(삼척),동해고속국도,37.68038,128.996204,37.68038,128.996204,140,11.8,7.5,2,1
t300,강릉3터널(속초),동해고속국도,37.68038,128.996204,37.68038,128.996204,140,11.8,7.5,2,1
t301,강릉4터널(삼척),동해고속국도,37.682006,128.985077,37.682006,128.985077,960,11.8,7.3,2,4
t302,강릉4터널(속초),동해고속국도,37.682006,128.985077,37.682006,128.985077,960,11.9,7.3,2,4
t303,강릉5터널(삼척),동해고속국도,37.689938,128.952762,37.689938,128.952762,2095,12.7,7.4,2,4
t304,강릉5터널(속초),동해고속국도,37.689938,128.952762,37.689938,128.952762,2075,12.7,7.4,2,4
t305,현남터널(속초),동해고속국도,37.993436,128.718938,37.993436,128.718938,958,11.6,7.3,2,4
t306,현남터널(삼척),동해고속국도,37.993436,128.718938,37.993436,128.718938,971,11.6,7.3,2,4
t307,현북터널(속초),동해고속국도,37.985287,128.723791,37.985287,128.723791,543,11.6,7.3,2,2
t308,현북터널(삼척),동해고속국도,37.985287,128.723791,37.985287,128.723791,550,11.6,7.3,2,2
t309,강현1터널(삼척),동해고속국도,38.125389,128.578821,38.125389,128.578821,140,11.6,8.5,2,1
t310,강현1터널(속초),동해고속국도,38.125389,128.578821,38.125389,128.578821,140,11.6,8.5,2,1
t311,기린1터널(서울),서울양양고속국도,37.938735,128.3227,37.938735,128.3227,118,12.2,7.3,2,1
t312,기린1터널(양양),서울양양고속국도,37.938735,128.3227,37.938735,128.3227,114,12.2,7.3,2,1
t313,기린2터널(서울),서울양양고속국도,37.938735,128.3227,37.938735,128.3227,431,15.3,7.3,2,2
t314,기린2터널(양양),서울양양고속국도,37.938735,128.3227,37.938735,128.3227,397,11.7,7.3,2,1
t315,기린3터널(서울),서울양양고속국도,37.940308,128.33389,37.940308,128.33389,146,12.8,7.3,2,1
t316,기린3터널(양양),서울양양고속국도,37.940308,128.33389,37.940308,128.33389,162,12.8,7.3,2,1
t317,기린4터널(서울),서울양양고속국도,37.942183,128.344995,37.942183,128.344995,727,11.6,7.4,2,3
t318,기린4터널(양양),서울양양고속국도,37.942183,128.344995,37.942183,128.344995,750,11.6,7.4,2,3
t319,기린5터널(서울),서울양양고속국도,37.945738,128.35532,37.945738,128.35532,1148,11.6,7.4,2,3
t320,기린5터널(양양),서울양양고속국도,37.945738,128.35532,37.945738,128.35532,1148,11.6,7.4,2,3
t321,기린6터널(서울),서울양양고속국도,37.965173,128.39295,37.965173,128.39295,2666,11.6,7.3,2,5
t322,기린6터널(양양),서울양양고속국도,37.965173,128.39295,37.965173,128.39295,2665,11.6,7.3,2,5
t323,내촌3터널(서울),서울양양고속국도,37.796073,128.157194,37.796073,128.157194,162,12.8,7.3,2,1
t324,내촌3터널(양양),서울양양고속국도,37.796073,128.157194,37.796073,128.157194,154,12.8,7.3,2,1
t325,내촌4터널(서울),서울양양고속국도,37.796073,128.157194,37.796073,128.157194,358,12.7,7.3,2,1
t326,내촌4터널(양양),서울양양고속국도,37.796073,128.157194,37.796073,128.157194,364,12.7,7.3,2,1
t327,내촌5터널(서울),서울양양고속국도,37.797048,128.168376,37.797048,128.168376,207,11.5,7.3,2,1
t328,내촌5터널(양양),서울양양고속국도,37.797048,128.168376,37.797048,128.168376,205,11.5,7.3,2,1
t329,상남2터널(서울),서울양양고속국도,37.832479,128.227007,37.832479,128.227007,115,9.2,7.7,2,1
t330,상남2터널(양양),서울양양고속국도,37.832479,128.227007,37.832479,128.227007,115,9.2,7.7,2,1
t331,상남3터널(서울),서울양양고속국도,37.856767,128.241391,37.856767,128.241391,1695,12.8,7.4,2,4
t332,상남3터널(양양),서울양양고속국도,37.856767,128.241391,37.856767,128.241391,1719,12.8,7.4,2,4
t333,상남4터널(서울),서울양양고속국도,37.874074,128.2471,37.874074,128.2471,1427,12.8,7.3,2,4
t334,상남4터널(양양),서울양양고속국도,37.874074,128.2471,37.874074,128.2471,1434,12.8,7.3,2,4
t335,상남5터널(서울),서울양양고속국도,37.888587,128.260303,37.888587,128.260303,1825,12.8,7.3,2,5
t336,상남5터널(양양),서울양양고속국도,37.888587,128.260303,37.888587,128.260303,1773,12.8,7.3,2,5
t337,상남6터널(서울),서울양양고속국도,37.903277,128.273336,37.903277,128.273336,1821,12.8,7.3,2,5
t338,상남6터널(양양),서울양양고속국도,37.903277,128.273336,37.903277,128.273336,1816,12.8,7.3,2,5
t339,상남7터널(서울),서울양양고속국도,37.92608,128.307406,37.92608,128.307406,2257,11.6,7.3,2,5
t340,상남7터널(양양),서울양양고속국도,37.92608,128.307406,37.92608,128.307406,2287,11.6,7.3,2,5
t341,서면1터널(서울),서울양양고속국도,37.981645,128.522123,37.981645,128.522123,110,11.6,7.3,2,1
t342,서면2터널(서울),서울양양고속국도,37.989067,128.528331,37.989067,128.528331,212,11.6,7.3,2,1
t343,서면2터널(양양),서울양양고속국도,37.989067,128.528331,37.989067,128.528331,248,11.6,7.3,2,1
t344,서면3터널(서울),서울양양고속국도,38.004987,128.538509,38.004987,128.538509,212,11.6,7.1,2,1
t345,서면3터널(양양),서울양양고속국도,38.004987,128.538509,38.004987,128.538509,212,12.7,7.1,2,1
t346,서면4터널(양양),서울양양고속국도,38.013188,128.54302,38.013188,128.54302,117,12.7,7.3,2,1
t347,서면5터널(서울),서울양양고속국도,38.021406,128.547612,38.021406,128.547612,1311,12.7,7.3,2,4
t348,서면5터널(양양),서울양양고속국도,38.021406,128.547612,38.021406,128.547612,1311,12.8,7.3,2,4
t349,서면6터널(서울),서울양양고속국도,38.036143,128.575618,38.036143,128.575618,2917,12.8,7.3,2,5
t350,서면6터널(양양),서울양양고속국도,38.036143,128.575618,38.036143,128.575618,2968,13.4,7.3,2,5
t351,서면7터널(서울),서울양양고속국도,38.051505,128.587038,38.051505,128.587038,773,13.4,7.3,2,3
t352,서면7터널(양양),서울양양고속국도,38.051505,128.587038,38.051505,128.587038,748,13.4,7.3,2,3
t353,서석터널(서울),서울양양고속국도,37.801069,128.190077,37.801069,128.190077,2997,13.4,7.3,2,5
t354,서석터널(양양),서울양양고속국도,37.801069,128.190077,37.801069,128.190077,3061,13.4,7.3,2,5
t355,양양1터널(삼척),동해고속국도,38.090093,128.581679,38.090093,128.581679,516,12.3,7.3,2,2
t356,양양1터널(속초),동해고속국도,38.090093,128.581679,38.090093,128.581679,470,12.3,7.3,2,2
t357,양양2터널(삼척),동해고속국도,38.099007,128.581382,38.099007,128.581382,874,11.6,7.3,2,3
t358,양양2터널(속초),동해고속국도,38.099007,128.581382,38.099007,128.581382,887,11.6,7.3,2,3
t359,인제양양터널(서울),서울양양고속국도,37.973239,128.46725,37.973239,128.46725,10965,12.7,7.3,2,5
t360,인제양양터널(양양),서울양양고속국도,37.973239,128.46725,37.973239,128.46725,10962,12.7,7.3,2,5
t361,청대터널(삼척),동해고속국도,38.179804,128.568323,38.179804,128.568323,1570,12.8,7.3,2,4
t362,청대터널(속초),동해고속국도,38.179804,128.568323,38.179804,128.568323,1532,12.8,7.3,2,4
t363,행치령터널(서울),서울양양고속국도,37.816398,128.217176,37.816398,128.217176,1397,12.8,7.3,2,4
t364,행치령터널(양양),서울양양고속국도,37.816398,128.217176,37.816398,128.217176,1422,12.8,7.3,2,4
t365,치악1터널(춘천),중앙고속국도,37.265679,128.029965,37.265679,128.029965,193,10,6.7,2,2
t366,치악2터널(부산),중앙고속국도,37.266421,128.018736,37.266421,128.018736,298,10,6.7,2,2
t367,치악2터널(춘천),중앙고속국도,37.266421,128.018736,37.266421,128.018736,179,10,6.7,2,1
t368,치악3터널(부산),중앙고속국도,37.266421,128.018736,37.266421,128.018736,320,10,6.7,2,2
t369,치악3터널(춘천),중앙고속국도,37.266421,128.018736,37.266421,128.018736,298,10,6.7,2,2
t370,치악4터널(부산),중앙고속국도,37.278191,128.002631,37.278191,128.002631,151,10,6.7,2,1
t371,치악4터널(춘천),중앙고속국도,37.278191,128.002631,37.278191,128.002631,147,10,6.7,2,1
t372,금대1터널(부산),중앙고속국도,37.278191,128.002631,37.278191,128.002631,317,10,6.7,2,2
t373,금대1터널(춘천),중앙고속국도,37.278191,128.002631,37.278191,128.002631,324,10,6.7,2,2
t374,금대2터널(부산),중앙고속국도,37.284731,127.995006,37.284731,127.995006,213,10,6.7,2,2
t375,금대2터널(춘천),중앙고속국도,37.284731,127.995006,37.284731,127.995006,228,10,6.7,2,2
t376,마곡터널(서울),서울양양고속국도,37.72196,127.579523,37.72196,127.579523,958,11.6,7.3,2,4
t377,마곡터널(양양),서울양양고속국도,37.72196,127.579523,37.72196,127.579523,919,11.6,7.3,2,4
t378,발산1터널(서울),서울양양고속국도,37.728888,127.600463,37.728884,127.600469,599,11.6,7.3,2,2
t379,발산1터널(양양),서울양양고속국도,37.727595,127.596165,37.729298,127.603121,633,11.6,7.3,2,3
t380,발산2터널(서울),서울양양고속국도,37.730133,127.611681,37.730142,127.611693,504,11.6,7.3,2,2
t381,발산2터널(양양),서울양양고속국도,37.729503,127.605414,37.729988,127.610829,480,11.6,7.3,2,2
t382,발산3터널(서울),서울양양고속국도,37.729503,127.605403,37.730016,127.610807,251,11.6,7.3,2,1
t383,발산3터널(양양),서울양양고속국도,37.730348,127.6109,37.729757,127.605053,254,11.6,7.3,2,1
t384,발산4터널(서울),서울양양고속국도,37.74015,127.646954,37.739868,127.642144,387,11.6,7.3,2,1
t385,발산4터널(양양),서울양양고속국도,37.740396,127.645983,37.740114,127.641488,433,11.6,7.3,2,2
t386,추곡터널(서울),서울양양고속국도,37.740484,127.665801,37.740484,127.665798,412,11.6,7.3,2,2
t387,추곡터널(양양),서울양양고속국도,37.740482,127.66579,37.740484,127.66579,433,11.6,7.3,2,2
t388,행촌터널(양양),서울양양고속국도,37.743277,127.688146,37.743277,127.688151,463,11.6,7.3,2,2
t389,행촌터널(서울),서울양양고속국도,37.743282,127.688143,37.743282,127.68814,459,11.6,7.3,2,2
t390,광판터널(양양),서울양양고속국도,37.746391,127.698766,37.74639,127.698772,358,11.6,7.3,2,1
t391,광판터널(서울),서울양양고속국도,37.746442,127.698777,37.746442,127.698777,278,11.6,7.3,2,1
t392,군자1터널(서울),서울양양고속국도,37.759022,127.749004,37.760339,127.754339,511,11.6,7.3,2,2
t393,군자1터널(양양),서울양양고속국도,37.760655,127.754314,37.759214,127.748614,474,11.6,7.3,2,2
t394,군자2터널(양양),서울양양고속국도,37.76143,127.75839,37.760313,127.768921,885,11.6,7.3,2,3
t395,군자2터널(서울),서울양양고속국도,37.761005,127.763646,37.761005,127.763646,915,11.6,7.3,2,3
t396,지정1터널(상행),광주원주고속국도,37.402402,127.793175,37.403354,127.78571,655,11.6,7.2,2,3
t397,지정1터널(하행),광주원주고속국도,37.40313,127.785902,37.402202,127.793008,615,11.6,7.2,2,3
t398,지정2터널(상행),광주원주고속국도,37.390292,127.836543,37.398978,127.807648,2730,12.5,7.3,2,5
t399,지정2터널(하행),광주원주고속국도,37.398845,127.807038,37.39002,127.836604,2790,12.5,7.3,2,5
t400,지정3터널(하행),광주원주고속국도,37.389957,127.840229,37.391903,127.850185,890,11.6,7.2,2,4
t401,지정3터널(상행),광주원주고속국도,37.392145,127.849999,37.390214,127.839913,905,11.6,7.2,2,4
t402,매봉터널(하행),광주원주고속국도,37.387849,127.909116,37.387954,127.915252,530,11.6,7.2,2,2
t403,매봉터널(상행),광주원주고속국도,37.388172,127.915571,37.388163,127.909147,530,11.6,7.2,2,2
t404,수련지하차도,시도,37.204012,128.097851,37.203944,128.097622,8,0,0,1,1
